{
	"class_name" : "PinholeCameraParameters",
	"extrinsic" : 
	[
		0.94895563962542262,
		0.20590798752763809,
		-0.23892487249221916,
		0.0,
		0.30737412765742145,
		-0.43382483683480483,
		0.84694578137688026,
		0.0,
		0.07074135756362282,
		-0.87715329995250724,
		-0.47497131356796973,
		0.0,
		-65.526216569249385,
		-20.151034483200078,
		75.84355543235246,
		1.0
	],
	"intrinsic" : 
	{
		"height" : 1136,
		"intrinsic_matrix" : 
		[
			983.80485869912241,
			0.0,
			0.0,
			0.0,
			983.80485869912241,
			0.0,
			923.5,
			567.5,
			1.0
		],
		"width" : 1848
	},
	"version_major" : 1,
	"version_minor" : 0
}